timestamp,wind_mwh,price_eur_mwh
2026-01-15T00:00:00,48,32
2026-01-15T01:00:00,52,24
2026-01-15T02:00:00,58,12
2026-01-15T03:00:00,64,-8
2026-01-15T04:00:00,67,-15
2026-01-15T05:00:00,63,6
2026-01-15T06:00:00,58,28
2026-01-15T07:00:00,51,55
2026-01-15T08:00:00,46,72
2026-01-15T09:00:00,42,64
2026-01-15T10:00:00,39,48
2026-01-15T11:00:00,37,35
2026-01-15T12:00:00,35,22
2026-01-15T13:00:00,38,18
2026-01-15T14:00:00,43,26
2026-01-15T15:00:00,49,46
2026-01-15T16:00:00,55,82
2026-01-15T17:00:00,61,118
2026-01-15T18:00:00,66,142
2026-01-15T19:00:00,70,126
2026-01-15T20:00:00,68,96
2026-01-15T21:00:00,62,68
2026-01-15T22:00:00,56,47
2026-01-15T23:00:00,51,38
